result,tags
attack,iframe
not,form
attack,<iframe>
not,<form>
attack,<z-index>
attack,z-index
attack,href="javascript:s
attack,<blockquote>
attack,blockquote
not,<a href>
not,<p>
not,<H1>
not,<H2>
not,<H3>
not,<H4>
not,<H5>
not,<H6>
not,<h1>
not,<h2>
not,<h3>
not,<h4>
not,<h5>
not,<h6>
not,<table>
not,action
attack,src="http://hackersite.com/attackfile.php"
attack,DDoS
attack,Brute
attack,<script>alert(document.cookie);</script>
attack,<script src=http://www.example.com/malicious-code.js></script>
